{"1": 65.646, "2": 46.028, "3": 37.386, "4": 31.97, "5": 27.989000000000004, "6": 24.822000000000003, "7": 21.903000000000006, "8": 19.018, "9": 16.403000000000006, "10": 13.700999999999993}