{"1": 67.35900000000001, "2": 46.5, "3": 38.066, "4": 33.907, "5": 31.384, "6": 29.625, "7": 28.277, "8": 17.218999999999994, "9": 13.552000000000007, "10": 10.682000000000002, "11": 5.364999999999995, "12": 4.060000000000002, "13": 3.2420000000000044, "14": 2.4549999999999983, "15": 1.7849999999999966}