{"1": 67.62100000000001, "2": 46.888, "3": 38.536, "4": 34.435, "5": 31.760000000000005, "6": 29.730999999999995, "7": 18.833, "8": 15.463999999999999, "9": 10.887, "10": 9.989999999999995}