{"1": 91.908, "2": 91.786, "3": 91.775, "4": 91.736, "5": 91.738, "6": 91.912, "7": 91.857, "8": 91.821, "9": 92.042, "10": 92.001, "11": 92.025, "12": 91.684, "13": 92.05199999999999, "14": 91.859, "15": 91.864, "16": 91.957, "17": 91.964, "18": 91.861, "19": 92.101, "20": 91.851, "21": 91.726, "22": 91.929, "23": 91.831, "24": 91.992, "25": 92.108, "26": 91.864, "27": 91.709, "28": 91.92699999999999, "29": 91.939, "30": 91.912}