{"1": 59.27, "2": 45.54, "3": 36.29, "4": 35.980000000000004, "5": 35.519999999999996, "6": 33.83, "7": 35.68000000000001, "8": 33.230000000000004, "9": 34.16, "10": 36.46}