{"1": 69.008, "2": 47.553, "3": 38.65, "4": 34.361000000000004, "5": 31.459999999999994, "6": 29.581000000000003, "7": 28.119, "8": 26.900000000000006, "9": 25.961, "10": 25.122, "11": 24.424000000000007, "12": 24.037999999999997, "13": 23.447000000000003, "14": 23.049000000000007, "15": 22.676000000000002, "16": 22.435000000000002, "17": 22.096999999999994, "18": 21.959999999999994, "19": 21.724999999999994, "20": 21.540999999999997, "21": 21.388000000000005, "22": 21.322000000000003, "23": 21.025000000000006, "24": 21.052000000000007, "25": 20.83, "26": 20.822000000000003, "27": 20.548000000000002, "28": 20.619, "29": 20.405, "30": 20.435000000000002}