{"1": 68.631, "2": 47.688, "3": 39.008, "4": 34.489000000000004, "5": 31.834000000000003, "6": 29.631, "7": 28.230999999999995, "8": 27.259, "9": 26.159000000000006, "10": 25.308000000000007}