{"1": 68.746, "2": 47.864, "3": 38.919, "4": 34.456999999999994, "5": 31.676000000000002, "6": 29.790000000000006, "7": 28.206999999999994, "8": 27.257999999999996, "9": 26.067999999999998, "10": 25.302000000000007, "11": 24.456999999999994, "12": 24.083, "13": 23.433999999999997, "14": 23.108000000000004, "15": 22.676000000000002, "16": 22.217, "17": 22.114000000000004, "18": 21.694999999999993, "19": 21.498000000000005, "20": 21.545, "21": 10.055999999999997, "22": 6.001000000000005, "23": 3.0690000000000026, "24": 1.0420000000000016, "25": 0.21699999999999875, "26": 0.034000000000006025, "27": 0.01300000000000523, "28": 0.0049999999999954525, "29": 0.0030000000000001137, "30": 0.001999999999995339}