{"1": 63.851, "2": 43.473, "3": 34.419, "4": 28.941000000000003, "5": 24.476, "6": 20.495000000000005, "7": 16.724999999999994, "8": 12.590999999999994, "9": 8.176000000000002, "10": 4.290000000000006}